sentiment_score,sentiment_confidence,news_volume,news_trend,pe_ratio,market_cap,earnings,costs,cash_flow,profit_margin,revenue_growth,debt_ratio,debt_to_equity,pb_ratio,board_size,ceo_tenure,governance_score,employee_count,management_cred_score,valuation_score,included_in_portfolio
0.607743679804884,1.5196069671366197,-1.588967950193627,1.5533033816459259,-0.02076151889341373,0.5899065834295769,0.37999900788689617,-0.9487543815749441,-0.2809256828590943,0.8923385868299673,0.13410889926296543,1.6520027102318595,0.865581273409309,-0.2975402442260002,-0.33333270713932955,0.15929042797827722,-0.735973745904186,1.6923912389343423,-0.3720714785195514,0.6056164981130453,0
0.49048554513345416,0.6960024917715596,-1.3153442965543245,-0.21282883021306204,0.848931314744219,0.6546342756955332,-0.6098728682977753,-0.8451249477712903,-0.8336723584917412,0.6638801806116685,0.3973178095864838,-1.2905865434118022,-0.7052912725658583,1.1355225051504925,-0.3481839829666346,-0.30586044827505693,1.060398334268631,0.8964822279284163,0.6389185165771966,0.5332792402221503,0
1.7240448612479335,1.5321199523110784,1.6640497409488504,0.9808060224395481,0.37851641235219263,0.5179117978978778,1.0313538034530632,0.08204543843126409,-0.07776174564306879,-0.8895996505663997,0.887050080762092,1.085341103872902,0.7974140483949127,0.05166624757096367,-1.5012248455566637,-0.1476991814124706,-1.1228007168034986,-0.16200259224206617,2.3367297268189384,-1.773423565807426,0
0.31875113082007916,-0.6866464171090156,-1.078397175327903,1.2265802976900864,-0.43914311006491763,-0.21996368083468718,0.08572288469051455,0.13257030435582118,-0.05807836744683801,0.5784628391258445,0.7253935877978087,-2.4967356968757666,-0.0688221300520807,-0.47700577915817316,-0.29407381935931776,0.2950279109765499,-0.8684168671396307,-0.39316036408107463,-1.5473066100268562,-1.6056579513380123,1
-1.0784785312096472,1.0578843050345226,-0.4172643141502796,-0.4453220102013593,-0.8899813311161839,-1.7946529851662858,1.447630768857511,0.0802265782284709,0.4291836347721981,0.8558383429267069,-0.36251907645985565,0.054758440193953824,-0.38388387175494126,-1.1621658650936333,2.283505000605969,-1.3061801386798235,0.8032770232909808,-0.12652465312003397,-0.6073674347743427,-1.3290504356929382,1
0.10006499214808882,0.46528156972846246,-0.016938367769530182,-0.6589206454404581,-0.3334998892980365,0.5232161543834144,0.7879481269614392,-0.2516600362216249,0.3856097490625045,1.2318114117437713,0.2051321977441578,0.13475432228627293,-0.9781394804966916,1.037123332971635,1.3356463196524815,0.11940252465357767,1.0758548248737287,-1.1133911539663548,0.09093319109406901,1.7378647530543296,1
-0.5803213628994887,0.11863104122670075,0.15197879886102844,1.2954490165378707,-0.3415445495379708,0.4523244501200517,0.1943395625899888,0.8278271678731357,-1.0854369262194565,1.8578963701994773,-1.1754571491467853,-0.4302000346709939,1.0604093760032713,-1.01220806053341,1.3863265264031268,-0.8120349141652217,0.06397284560277532,1.124896701728407,0.8439642726337917,-0.5722459310342449,1
-1.2062808299757741,-0.7873967173748825,0.7814884867494487,0.05038105888016127,0.7714704768920876,-0.6969747370060518,-1.569829789264291,-0.2860750842129954,0.7324353632245055,-0.6323699313063028,0.9927303056683436,-0.3876366613994253,-0.35550984478841136,-0.9621147111003702,-0.4771998005335053,-0.7269770136856651,1.0826275956605305,-0.5794584027810759,0.028242867744230103,-3.3555698788265467,1
0.6517868729929923,1.1712106716269455,0.5626980704501926,-0.8096739175560352,-0.38829017851192593,-0.06683924621684481,0.19688280204116612,0.3189352071964297,-0.12030151802549506,1.6388990589732813,-0.03514048463453208,-0.701862891254152,1.7989649238375338,-1.4609752153537405,-0.937503264012432,-1.8500860233125356,-1.347027207896701,0.5506268119786777,0.24393368652472525,-0.5115649827708165,1
0.20279312191236898,2.4363993745560917,0.7571280179571617,-1.1047247421850388,-0.6914510254571715,1.4554286660301368,1.4885755473301385,-0.08692458216380528,0.854439999856613,-0.0645749710241689,0.2701077105068228,2.0732768985044783,-1.1209195351391839,0.379299625298854,0.8109999713731888,2.0954484243656637,0.6315475096024361,0.2815154687357834,-0.06065831111253614,-0.2081766143533439,1
-0.3189991785644481,1.4808649700531031,-1.4066842880487223,-0.9983389869099304,0.36833782104736285,-0.3237945889801858,-0.8105567728140043,1.154299449767838,0.4551130214711656,-1.5619427653104307,0.11619580156620582,1.6362977002822547,-0.6215148916972802,-0.08881296403447873,1.6044800641429475,1.295107676548363,0.6709488314790042,-0.03286312891605863,-0.3188675848018044,-0.38651729654650563,1
1.0537482165642293,0.19736170080362878,0.4515418886951265,0.4337737245161174,1.5792452474225762,-0.46218661291362734,0.2142947997213222,-1.0183953630140519,0.5851518782091184,0.7363162707283273,-0.7535318371310186,-0.750122327172845,-0.5844066715135074,0.5443228875210864,-1.1157460534305235,-0.2766847646517987,0.0046226029683729426,-0.5982909937584733,-0.7007786486115574,-0.36695192480786737,1
0.26239033453688954,1.2469155147279318,-0.28452621873885997,0.47545321530128504,-3.164238892616428,0.6976406282540878,0.6445025676570889,0.20102568072032115,0.3177268303112791,-0.7009841815711517,-0.9185727604835424,0.41944267417163517,0.16505514882557829,0.35100306209073767,0.284198305216537,-0.6219363809744841,-2.145973763267185,-0.5685849132726589,-0.3892423603939779,0.1226360264554119,0
-0.3671198623241458,0.24388653411017244,1.5286623775618067,0.7964329857522642,-0.9587198028641531,0.23042998956610913,-1.3985368930269273,0.12491935563015683,0.13245680071683585,-0.39021300060206543,0.5418735798918517,-0.20178352443876046,-0.6759532496416246,-0.6506608736937325,3.0548529219851304,1.3413603420443327,-0.6235010127953876,0.8756253547291244,-0.1592722832753714,1.1973844702855903,1
0.04606223932526076,-0.887408025912102,1.830854076779491,-1.3566595089698725,0.8546464538464033,-1.2532006334886985,0.654400057288681,-0.7742496612841802,-2.0246695005729483,0.6491148825624253,-0.31387159623022004,-0.9034472749128042,-1.3741865618719045,0.136846643149586,0.3566231626242294,-0.6373484376803312,0.2304496501406437,-1.865401277076853,1.7556275755500121,0.40567706206852344,0
0.11133543773660451,-0.36031116432526544,0.9102343713392916,0.6971404644628298,-0.27507859170012017,2.181966314438913,-0.7061287526360459,-0.5962478620608848,-1.2479275987145402,0.10778709457412944,0.7046633363888501,0.5555102528656275,0.9560688303512425,0.09360850169279566,0.5389216526443581,0.1008184364336083,0.23120139924971253,2.0183997769158526,0.7238497667724844,-1.05933849008187,1
-0.6325099790150991,2.404797517995821,-1.5671499306984864,-0.3691331945933803,-0.691872486252066,-1.6883597727229593,-0.2043089034514401,-1.5843951963162861,0.3264766622627038,-1.1492750638205518,-1.8437792546661003,2.4323717831949385,0.42058369173203347,-0.4204842985008385,0.1108854618081235,-0.5355968711281175,0.29049157950665894,-0.9913996437581366,0.4271680091634963,1.8257930503342132,0
-0.8471373025146417,-0.3432906929010749,-1.694869125226929,-0.9202374938534237,-1.1178533994607036,-1.0963998125721002,-1.5595297284337928,1.6503635881110787,1.306329711426387,-0.977355929283558,1.584159239366217,-0.2560449482186552,2.0586062505069584,0.5792283445208845,0.23425245175981746,0.1846057789032397,-0.25711456102126706,1.3852547643519262,1.700540257518691,-0.07900371940350998,1
0.28715362403423594,1.1921601068755505,-1.8376955385826907,-0.3067803950484096,2.201106952828445,-0.130865638273401,-0.6445407314559273,0.28473735279274764,-0.0019140490405684474,-0.9311802826097747,0.5712364058856799,-0.6059781201045898,0.858005237417235,-1.6384604517920163,2.3577389151427006,-0.605920647485524,0.1419273303232934,0.8007136177046763,-0.968776518277437,1.5632711838554751,1
0.5739310766586779,-0.3865748300201149,0.8571547966420289,-1.5406623684928142,0.5520414061328077,0.6805543536893661,-0.03320928504402172,-0.29133508529591584,-0.7370222450755926,-0.017447249354468,1.6230709523365239,-0.8614884845434186,0.014095032933166201,-1.363787769799849,-0.3827286114942086,-0.07161904961601315,-0.15895988718621132,-0.20645153574913677,0.9521813793364239,1.4070972111400772,1
-0.17928707274578767,-0.4274663912759891,-0.3383540575335932,0.9735082657593547,0.21735529667271408,1.7953055109364393,-0.674549156617625,0.2044825758864739,-0.520354960468441,-0.05494009259215686,-0.6616387724689667,-0.961841298641702,1.636391281195902,-0.2782510683639253,0.0873758255960817,1.3536198644729083,-2.5831599862564967,-0.173901402301998,0.8840850750281005,0.7363417205415993,0
0.8259892316710183,1.0097165057579787,-0.18859671591617924,0.07200162280914223,-0.1500592384010288,1.5654830579521317,0.14017281505741985,0.4563186826954434,0.12805513387822004,0.8314121511054652,0.9232260313069643,0.6455734225416419,-0.42139104096572694,0.15356299423888442,-0.5776075127254048,-1.4049310081838084,0.4122841379094515,1.454418592931111,0.11497280193494586,-0.11048560760005913,1
0.45957372511901745,-0.9339397300892017,-0.46562292843025604,0.6832774754191293,-1.2267179648695041,0.7781478543074991,0.2646663169096817,0.41878735512137155,0.8125493491663108,0.5004608614424371,-1.0357699123152673,0.9694632573519413,-2.924805586519064,-0.2831209559393092,-0.15193201884403834,-1.3178425211003224,-0.4364187816080483,-1.6663399257930855,-0.6065467425491252,0.0427586051152444,0
2.5717713983962316,0.6312236100625157,0.42317264951174033,-1.059193502275956,-0.5160764829635837,0.3865431322426459,0.28691606021055305,-0.27530877432697937,-0.47353336830278475,1.04522723224249,-2.235306005749083,0.06050359383200941,-0.49023931723201414,0.9425693985947291,-0.7906590564548939,0.2670458067655942,-1.1256963820561796,-0.25646656140334295,0.17461997027635,1.1693102947931822,1
-0.2668914388686546,0.9238920380482765,0.9244661608013284,0.04881656541774019,-0.20223234822225108,-1.4973341782334177,-0.4151584497765742,0.2895806986406799,0.5877685884134414,-0.6490185306614712,-2.4015910300137873,0.6585294096418003,-0.659363615430066,-1.085437285106613,-0.07512436315659103,1.3564846866773823,-0.42136902954048544,0.7505770678094063,0.9699484890278776,0.7808655900817023,1
-1.3195366815776222,-0.987287272267841,1.2227780588501722,-1.6739871432400253,-0.46194980575746014,0.756348511690107,1.0017741564929636,0.4167618291240292,1.2803187994713854,-0.6462172041316586,0.46302969294876223,-0.5835221819372355,-0.7398612182502673,1.614103803069034,-0.33222786074652144,0.2750759938488512,0.44356052915130734,0.6841985485252868,-1.5022255981656867,0.03521246226336806,0
-1.464261762593256,-0.37433584474303705,-0.9273323203538822,1.3370635566018192,0.7449684567391984,1.3445991980459486,-1.8550877460207944,0.6820048980300307,0.5793703790126822,0.30874511028864626,0.35121882135822896,-0.055584230290198516,0.05185104796155514,1.1389331771808495,-1.7404822076165458,0.45270219739562223,0.3202489528065166,0.17531345364213627,-0.43104552926019457,-0.8951130045279201,1
0.8833631187487526,-0.014514080206863535,0.329222767545127,-1.2566488764388581,0.9584784475797248,-1.0878134155889736,-0.3504721483570146,-0.8351588958009581,-1.8036244082858068,0.10039945176343265,0.8448052514090659,0.572717177023574,0.5128531471117599,0.009996561960167398,1.3861152121891638,0.42926848514607574,0.07667098046555973,1.9718210908899343,1.933562809452466,-0.6218931981416472,0
0.4622723559595477,1.2112943115622243,1.1215358806624198,-1.7126985442887899,1.2262208708131255,-1.7534333379976952,1.857699034786612,0.09827969422952387,0.7037030702485627,-0.664994675152988,0.06221969950440952,0.09314954496857125,0.5499137744899353,0.3202865453764726,-0.6730383822561029,-0.4910873891474054,0.5476790145251246,-1.1188630794233165,0.5448637190381567,-0.36803485759355614,1
0.06563617274007141,-0.5248264400902182,-1.3334377615717283,-1.2188963213808608,-2.11759004388902,0.9375983325835477,-0.3750700726597011,0.606054143056212,-0.3807268674293526,-0.23853663864429056,-0.20858809684083227,1.6717230424968255,0.38274417926680526,-0.9069897075106087,-1.0901539466758332,0.5371462927226739,1.3620656565539584,0.44001099681433953,1.1213041378469124,0.8363134681304811,0
-0.008782307990009964,-0.9898645035549709,-0.037510383217850184,-0.11621116136675123,-1.9736119435083024,-0.4203998203895175,-0.6793283601754091,-0.20026528381825037,-0.8317219356012479,0.43617549923175575,1.0000942520115759,0.8570046578729215,-0.12580109345501117,0.9041658376168205,-1.5729491374815485,-1.7169889561816125,0.08525275054100877,-1.3674570204054026,-0.29058626927506365,-0.4934154820695883,0
-0.7931619317099343,1.732384778885762,-0.7687575649498481,0.17731520815962132,1.166928386238184,0.6411624523161779,-0.604120870887482,-0.4546627871708579,-0.45468076055973805,0.40514824018217244,-0.28127049876236127,0.40916531852413723,-0.4993762187061228,0.16579475573332048,0.21273083321958858,1.5498504260623167,0.6124949578502183,0.6110302481002787,-1.6587235914148226,0.643701718298137,1
1.1827188001833084,-1.05819905126692,-0.21961554500778538,0.21294632097476873,1.026799422209484,0.06631429844531118,-0.5922002955995707,2.42031603632903,-1.5753897143135045,1.9892979653440486,-1.1130052369991028,-0.5245753891825339,0.8368196769451784,-1.2318971504443141,-0.6064947155141803,-1.2829930708149293,-0.5844151833574437,1.3036403393376876,-0.5489587064284421,-1.6027945486737412,0
-0.3407462492103268,0.41097101149077725,0.597962566800673,-1.3791942549585248,1.0147151570304687,0.7565856289789173,-0.7823569862223926,1.1119299201754138,-0.3468802349116351,-0.4892825839509944,-0.813832822405513,-1.0127460537960813,0.3093089650671784,0.08404523914380725,0.7543446447590879,2.120450072568825,-0.7509810231762836,0.342687010795378,-0.26609881478425457,-1.985267895772938,0
0.2730329918784925,1.6484141572321256,-0.4097054929051015,-0.5235154382795834,0.447321185620992,-0.33433351336970146,0.8482488570434936,1.591801489053814,1.5507374661167046,0.08095977312451307,0.4973799222329752,0.15833471749843211,0.6414982396354074,-1.0427759067334983,-0.4487887956466908,-0.5806848453051383,-0.47298524544839127,-0.09027118741243387,-0.26116242460393074,-0.8869798882850788,0
0.6933035217511045,0.625206742534142,-0.562377092072581,-0.6641879937623756,-0.7806008905045256,1.20701167906245,0.41831812903567106,0.6387237393819556,1.5190720672372038,-0.5048638390898963,0.02452561080294263,1.2661231418911292,-0.5938547682059744,0.06049412111346378,0.04467018335261245,-0.500387341015976,1.6061891468546245,-0.12915791290835124,-1.3565959109557262,-0.44699065739547383,0
-0.13429754309021322,-1.044708800555089,-0.06143111436516479,1.3589700304552894,0.3527140519705014,-0.374116996185159,-0.6836079625503311,-2.3192494054457073,-0.31143066262961555,0.005612444528447401,-1.0689904541781479,0.7842176249832115,-1.2887608153815395,1.2997690153230483,0.19754919597572707,0.9781112058007967,-0.040031910300118025,-0.36259071448513275,-0.09296561341827583,1.2135171298223273,0
-0.5505418304305189,0.1739035791106867,0.07309749085075642,-0.9494313994029686,0.42687121834573233,-1.9672733931424158,-0.33134849600706867,0.9533906163203311,1.1111434195724452,0.44440670518659753,-0.06027230185844149,1.5371178365946485,-0.09617246410463447,-1.3255655804387148,0.9981328123778489,0.018166743967817586,-1.88790219090733,0.7018396695767922,0.05096913531631869,0.5165459421250738,0
-2.9440280111432955,1.145204074001546,0.13774514644327468,-0.6572675240925426,0.012728992693474573,-0.9817665263583663,-0.28852490594235775,0.5629159174330354,0.616029996664236,-0.3909368125347066,1.002598992318441,-0.970050123730445,2.512708495759207,0.29776399035555917,-2.7220874113472218,0.3903544592962945,0.7256636603375557,-1.1732989614858338,1.9414270961906146,-0.7926774927902316,1
-1.0138835295424105,-0.2935464525405214,0.3133274807875657,0.5599054766205084,-1.253587635370216,-0.7365795750277702,0.5652374826503638,0.2924174390738529,-0.8522554116388219,-0.4783435581423122,-1.7429749882889325,-1.0972196144856228,0.09707988636576417,-2.0686424716622946,-0.5970508945177032,-0.6293349886008405,0.32644156586460576,-0.38235833280268056,0.316063215428883,-0.17845749801107239,1
-1.0140531077502002,-0.6147116193201294,-0.9596157909078512,-0.8742215821328232,0.35807208390722817,-0.22968070888644465,-1.9974861148777832,0.6882155346948595,-0.9347574924055498,-0.6556518087190495,-0.9246237928198383,-1.5763975432780453,1.053014084886305,0.764177958733384,2.3017409387722787,-1.3824009479512867,0.7977760226212339,-1.0870614022487384,0.6840564996984574,0.23087238251649858,1
0.06087499304697445,1.29353715724825,-0.5558508093034864,0.9872892618125231,0.8666847064121384,0.730451796030735,-0.6048302241218059,1.7486650258577132,0.4320906076663349,-0.981806597353903,0.9210428707636578,0.8117118648518883,1.0427878795845116,2.0181064569806404,0.5252867403858312,0.5189072765135853,0.659808847520967,0.9388899490249805,1.6438580655079824,-0.4657219185427675,1
-2.022647890231852,-0.038106911351857425,-0.8501925140021148,-0.5300512564042373,-0.19632719279428798,0.8112153063415221,1.4195691507129897,-1.4216718041842544,-1.2178370423437677,0.25333118422725803,1.3274860877717682,0.4771281372689573,0.023425006015862632,-1.54350763329519,0.014016689062786901,-1.761377141014791,-0.2951467963774742,-0.6518503291176746,1.819810697778929,0.5502907519042446,0
0.3343699808541125,1.1165406958735322,2.5916868810159888,-0.8916323048582369,0.05741703583034987,-0.9849624674286273,-1.866642953915874,-0.9031085152014796,0.09428765086321725,-0.1273046783404513,0.35897346923591084,-0.131840341799015,0.6435013607592971,0.7184463478527293,1.3440279149413903,-1.3855353983191805,0.2809990331256329,1.4068651700028587,1.0358143351671787,-1.5997390010885204,1
-1.2800149831640533,1.3053239188854293,1.950157429650813,1.168421300297182,0.5069499889142437,-0.7600325941225857,1.3350078278334017,0.4729332687269365,-0.9517185364398131,-1.3945964451108672,1.73707161320751,1.2339884315401237,0.6065655569707497,2.7460150092046516,0.3472832327012833,0.09848281427899055,-0.19231352226526055,0.6755398526394081,0.32971935903833244,0.43352830521079866,0
1.3535678466850167,1.1782239181786252,0.4440286748276431,-0.22063872545011773,1.1810195279007332,0.46900552090638115,1.3921758136523914,-0.5117867432104195,-0.2572260636657143,-1.7283382799239722,-1.523426674855579,0.7666968881598394,-1.7802586549971569,-0.15420753618693087,-1.0633028949573509,0.42824502364934885,0.6831350377330266,-0.21831953629683984,-0.4476415122512065,0.27969109037576917,1
-1.087269185082966,1.2523627531789348,-0.30314050291154654,0.6945555132555898,-1.7721318300764932,-1.2379128036328604,-0.31530529431553306,-0.6632954005912369,-1.4037001237687534,-0.7517272063624693,-0.12409777056394773,-0.5380826359277036,-1.6665008644867172,1.3793502939047542,0.1639896483181523,-0.5134654273798201,1.0431353667782228,0.44521856677382776,-1.2255938949888965,-1.3982683106538312,0
0.3476247323301576,0.009600194290912543,1.520121041359291,0.07353116801193699,-2.0307929913427483,0.4349850007053053,-0.1387564770147125,-0.552554801883643,1.1772516255235599,-0.9039055990889497,0.6307934495483006,0.46062492763204704,0.09771083341533816,-0.3749778818485351,1.3190063308954911,0.3136765548486348,-1.5081145350101444,-0.42624100856765285,-1.857217600704118,-2.1926789229175636,1
0.6452814048037308,-0.6967073858558035,-1.3465927018972734,-0.4736764553958264,-2.0163550682236946,0.1918200877980678,1.245922885840586,-0.26748924703590005,-0.087534965561155,0.019978303225994906,0.14216262656204018,-0.2443751322529038,0.782196623267876,-0.4978951312779179,-0.8134419118013059,0.5522347269992304,0.7407715983523628,0.7712654663485597,2.0720324350853656,-0.9534450082903305,1
-0.17544351575868997,-1.4600822388071537,-0.04139130344075321,0.2069133743501138,0.15778865097306927,-1.538994266124323,-0.10267176713848382,-0.7934194234605948,0.8809308822305251,0.25035483523128116,-1.049032363559183,-0.4040602270587991,-1.3393457677780902,1.6257538359574646,-1.8473976361345386,-0.3890520492143162,-0.06328168775221227,-0.3746686017000553,1.4086028505165906,-0.14634731751763203,0
-0.1821296456652309,-1.6542235085456178,0.2964871639673274,1.959031050787735,0.9031568757228718,0.952319671201217,-0.28750145002831834,-0.31464601799159114,0.28949735483156563,-2.4401961682890696,-0.3083689094367791,-0.16238256744523766,1.1352767408430944,1.1070214735910564,1.011605837643784,1.0918254233057174,1.9231283865007833,-1.0805968235218295,-0.5941500292698029,-0.46369251189232397,1
-0.6081904509811431,0.14738130667439805,1.3962085867221057,1.0491503906144326,-1.2656093015730068,0.47639585084659186,0.06309759120617382,0.12572021768612798,-0.20802502888627852,-0.5699472951909241,0.4780538637314143,0.10121884132766071,0.9418960046985899,-0.03837762053345123,-1.3966309384234024,-1.1155768435244782,0.09459480655752635,1.1525404033833284,0.548535322718583,0.5140521386975396,0
-1.3708078010375142,0.9511909518964702,1.0730598195508965,-0.2606467982660725,-0.8748296279083901,0.9026320292927644,-1.3184088275986319,-0.5819385395649767,-1.4018871737383654,-0.7084518640095139,0.6893866262456947,0.059389736101554465,-0.26214790471201965,-0.37596746804020875,-0.37806859597997305,-1.0093044590994833,0.16997742225256382,-0.8190638933851272,2.812298883817254,2.2372419794244234,1
-1.604550809462563,-1.071433484562735,-0.04447033485146332,-1.920681285643574,0.7089957466905507,0.005880680117557041,0.8507528867335293,-0.12283492367225388,-0.34777320413003454,1.007145049118712,-0.3151009015626738,-1.749587233418179e-05,-1.039081262531037,0.6840447648647296,-1.9375440258314156,-1.0853619504088168,-0.23060388002212545,0.1909260810200289,1.3818750747881954,-0.33569843960166545,1
1.4807959074075154,1.1828504317788169,1.579820170934797,-0.35554231513388274,0.06835744109334833,0.9782440267222473,-0.5799741502698369,0.04589491587636533,-0.7389015277850861,1.2395237714243377,0.018509581640851626,0.28787897389338846,-0.43234228725379836,-1.5572659331860728,-1.426636617178471,-1.2933914234904007,1.0868527310697982,-0.868766725452507,-0.6437980893401516,-0.18155367941118755,0
-1.4022986585541843,-1.0240771736008172,-0.3309352621346258,0.8682994397892767,0.006754931954174239,-1.5054333873532015,0.6101960055904174,0.6268465768395894,0.4528196461569912,1.2982184294464107,0.6963103505870242,-0.4282071641456571,-1.856056259812755,-0.6559393961309048,-1.6260992462470243,1.7724388841781924,0.3284826916604573,1.901276597740982,0.18227531589096926,0.77214975770378,1
-0.7869228668908296,-0.2348589253152209,1.2980828255307848,0.5162999044871833,0.2964876717778473,-2.255289314993983,-0.5238584678902396,-1.096327254245851,0.43159798742018524,-1.1071071583016965,1.8207462456748207,-1.3123021352534094,0.2961379367180727,0.3233986478768344,-0.8567816889979553,-1.3898363951166706,0.8308392743376952,1.4354480556191465,-1.3420969295935237,0.35873195992189993,0
-0.037191003690047124,-1.1432350763206935,1.395890029157984,0.8776680230819026,1.1925559569640125,0.45604270072210495,-0.04567634711967512,0.29439630543420714,0.10331242089508814,-1.5473531549298647,1.0031625474269874,0.9905838810617359,-0.1686941866011249,1.643813726164246,0.854996045233118,0.9085661803376526,0.2325580744387165,0.877458645835551,-0.8218451951699861,-0.9838576592935788,1
0.16547038216707224,1.0143740445114149,1.48182489725181,0.2896584953258026,2.031607320319477,-1.3757014818982005,-1.0369713285975164,-0.16968318972874244,-0.8505069625062153,0.7407601347717482,0.37602439584608716,-1.362367511163474,-1.2175998007207263,-0.5951271641477646,0.6240636692360657,-0.7034467991756963,-2.0485374561204077,-0.42949623402441384,0.7691812148778018,0.49342604362883824,1
0.7933137373357535,-0.13659171313790291,-0.003370768841829923,-0.7761531529654155,-1.2815787290545453,-0.3318280338835706,0.17237603441149135,-0.8554849268015071,-0.4361163752931231,0.3367193677550808,0.02205929923707161,0.1021964830161179,-0.9278952358005133,1.08469724702367,1.6439319038191809,0.46782643965953685,0.0924710151034866,1.3216480502750225,0.06369777062833026,0.09822094268510624,1
-0.4193285877247339,0.17199951367300392,1.1683090168505252,1.74426412232597,-1.6921925116638914,0.12693370421016573,-0.5089856744587804,2.0964703784911656,0.9376789479438389,0.8270643452810179,-0.27356934753885587,0.2934883806174996,-0.651281501202593,-0.942587809382098,0.31122455041938185,-0.7332383030443418,-1.2744107344124809,0.8424600471163676,0.6095002510103601,-0.6207744453282502,1
1.9630406727932879,-1.01442893946641,-1.7533387547564525,-2.3033779952261346,0.25896391883994907,-0.7349415598274921,-0.5324294916444093,2.3928780514088874,-0.6017575033114579,0.5202810163112793,0.3592284851836634,-0.8619229567429624,-0.99438277572008,-0.2527340589516306,-1.1076387080966676,-1.140417238841693,-0.19463153934963087,0.5529851006451069,-0.5625426871193203,0.7804177864980314,1
-0.7787715733661038,0.8012396182392431,-0.8957376106807965,1.1901404569929812,0.20923608871447377,0.41850958102559727,0.8063549950538408,-2.4082033031043877,1.7979228568633507,0.2743415064754088,-0.16723046098135652,-1.1515108985881284,-0.22820988088634858,0.11081583304212086,-1.0118346805862197,1.5911021352750079,0.12251440561014022,0.3379019516566284,0.7522516117991901,0.7564074785647227,1
-2.530488960784964,-0.6485402482746447,-0.0014340854703701383,0.6735279700176997,1.544012421672439,-1.1729608287844326,1.292339016644294,-0.27870856859853627,-0.5178551398414369,-0.37560333508548205,-2.300423378856169,-0.08508851116805458,2.6570207174626823,0.20785576549686374,0.6998051315580868,-0.9810839118166916,0.0889415034695934,1.1353968153370044,-0.1356516262748333,-0.4678196692981288,0
1.0526801037974318,1.5278018977614074,0.5424122399729605,-1.5472337514259988,-0.04318187766510194,-0.5060836419386453,-0.6358480600296641,-2.3699542557950615,1.317639773109875,1.336254497616424,-0.11197289487716584,-0.8460695713193042,0.11093155535810144,0.7992125530234271,-0.018591481298875116,-1.1198223824930065,-0.9249369994591106,-0.005549049234000831,-0.9670353692801679,-0.32167690334711785,0
0.8843844355822497,-1.491190877952443,0.9519753060948126,1.0839161935671966,0.009135807777414531,-1.8299665792338702,0.6811788898600054,-2.689024803068493,-0.3167529546102434,1.9263726302644402,0.2709162117794013,-0.029989450827557797,1.8900120034463248,-0.6327154217821415,0.4693854726656575,-0.30045230880991586,-0.6329958680333004,1.3924697989911785,-0.21250138606331787,0.13040837014036577,1
-1.3919958764215246,1.0919233785808775,-0.16828353082554642,-0.15002778921534074,-1.4799392077281732,2.120092644237132,1.5820519998969422,-0.22177159652370348,-1.5893615028379267,0.685493678719212,0.2425538777503178,-0.6723200922641245,0.3284560104130947,-0.8512772922138461,1.3709650200550918,-0.5062724527741206,0.9423152206484229,0.8280073916129984,-0.2299009774106708,-0.7598669635357981,0
-0.36741970858691253,1.2526262902451681,-1.458079606338726,-0.49017145938971074,-0.361089617203678,0.7534530385491097,-0.5086621748586954,0.408833808931729,-0.25565520189465607,0.684736531179448,-1.436271295565476,0.5698912606241314,-1.3417311845669542,-0.36518608627736243,1.3099296767133501,0.1113132358216787,-0.9696480412436062,0.45634139810163526,2.3276695199132256,-1.1739276093407292,0
0.9806276055400447,-0.36882463157084483,-1.0657935525383264,-0.6640681441623766,0.49922983033563284,-1.1017972572335784,-0.1513851016410762,-0.25848616387317824,-0.6884516541467842,0.9430744611032728,0.741102945398792,-0.09387712717791297,0.10010844534452318,0.5408843414939797,-1.7447033655809616,-0.24088527949442218,-0.8544031481434279,-0.007372510465611489,0.5308518763869113,-1.3657946996956607,0
0.023056889776323083,0.12475853760850951,1.2630040165934073,0.06987895749534015,0.316680827695144,1.8895620058936602,-2.224057684323141,-2.7258993736183514,1.2636166924346195,-0.3048025636671927,2.162725701986801,0.7951999321144732,0.954205417849145,-1.9325930434311305,-0.9250229352764189,1.6112174543703288,-1.889770404780839,-0.6803354917162192,-1.442742704892701,1.0844747455640256,1
0.020817918917141437,-0.10639290676758158,-0.11925016963492073,-0.4911272276511809,1.8750498563603422,-0.691991029137855,-0.4663239359304245,1.2709680568568278,1.9275766061380688,-0.6411414729346495,-1.4631212380029324,-0.040381811354160455,-1.507503618834614,-0.4704952289675017,-1.7427596407022587,-0.632736809365824,-1.1220457801605002,-0.36327977958706714,-0.6977565488507688,0.8415889565073997,0
-1.1475093733806534,1.9195991799034953,-1.0954191400858126,-1.33148778371416,-0.3294447872423632,1.1742500026221632,1.5064636935899394,0.19815790647599862,-2.1892817070078543,-0.6382496120437497,0.07521551914514125,0.2885634295802084,0.369279909723113,-0.4566762853933742,0.17332561414996803,0.11809124074617698,1.285148705685322,-0.6148698412247495,0.14428250846778112,-0.20364548476431074,1
0.19994433719379354,0.009204348378813941,-1.1264006197943652,1.6896738606197752,0.6008139770707057,0.09769596813353022,-0.02917900103338903,-0.14085912307124807,-1.5007620088760643,0.058276842803276295,-0.47326884435847827,-0.4550196888611803,-0.6066235052590745,0.4939442859607377,-0.16097527240332352,-0.17618189390707478,0.0924121948511796,-1.237533573722353,1.2020806653751286,-0.9454616436840988,0
-1.2109336458947062,1.0304470317312144,1.1615599847994853,-0.1331480826897069,-0.1725985365782349,-0.5566339727617247,-0.7525414927347404,0.436612803066494,-0.5489704978614849,0.12064039385035638,-1.482514627045363,-0.3261486906851889,0.8878731856790296,-0.7591911232908842,0.8668568707612796,-2.3551157265819658,0.9793226075832192,0.9080019952280862,1.6957023693565747,-0.20049712604468087,0
-0.299577127997894,0.6144375556130299,0.05524953238906733,-0.33113763562090565,0.30602102729789976,-0.27086043093414275,0.01004834969054386,0.7199364863117946,-0.8709214943105382,-0.9899534889616236,-0.7991194587756952,0.01106181565809209,-0.6191156199499334,-0.269554308729017,-0.5236361530688066,0.8006672294494839,0.3021066088603452,0.0018481761769512262,-0.34462038748732715,0.7521559860552308,0
0.17806938812669063,-0.5477897538615872,-0.12217688066790328,-0.45477640384219586,-0.7954589682013835,0.12299288467555838,-0.3471497058383823,-2.2193466897852665,0.9150641684767165,0.10430733643777002,-0.5305075900972461,0.059119686100232036,-0.16353120567398716,1.6390867465159065,0.73592773550141,1.0302992129052857,-0.7019113468059877,0.8472597724967091,-0.4580273141161826,-1.5179630639425032,1
-0.06903278457400412,-0.39443620570166693,0.6960527095821494,-2.0937057262457173,-0.757173573912108,-1.2700197139649667,-0.10880938005014923,-2.1461262240327024,-1.0715299508734202,-2.0319916204794275,0.7253656394110339,-1.1337258778370705,1.1207115913200647,0.21423020832936132,0.550931897988608,0.014774656901361058,0.35748576325321973,0.8915921260526894,-0.8611872877060208,-0.3210692939702195,1
0.7766454002495481,0.2809083355347627,0.27139699040351195,-1.022824962392117,-1.0170877308119481,-0.7828103157396018,0.6969764174544848,-0.8972800216208501,-0.6489027905000402,1.0945607951524945,1.2005969609167988,-0.16839526622201353,0.960431460793012,0.0046057125435842615,0.07117166312521261,-0.2970253771988179,0.4696780939530313,-2.3789559119844244,-0.9502219984364174,-1.1902790651826838,0
-1.843622747832679,0.9786048102651572,0.11009715450405491,0.7697471473282499,0.7230250392297279,-0.5419637602219982,0.2077988860724051,0.7311992736971876,1.0182667081646124,1.2747587439661918,-0.7652947497134771,0.3433390491333055,-1.0439479550164699,0.2914166485400907,-0.8254421911087527,0.7421204326063782,2.164658134375598,0.09437765882788857,0.8369553966016421,0.5336454233012694,1
-0.0337680039504752,-1.3457925124152532,-1.2828326037718214,0.07533934105939183,0.555556407027745,-1.9184089826943342,-0.13249426157135924,1.4105616595078556,0.6257952716268789,-1.32548635278125,0.04547492627148325,1.4275736324023074,-0.010773399557312043,0.043993309657122455,0.41822374459547806,-0.6886421574448759,-0.20662461690173856,-0.3622413083171255,-0.21960981966450033,0.830384094496737,1
-0.77769428748091,-0.5074777196145969,1.7670714577815438,1.738060022572531,-0.27546357837864416,1.0359704597636004,-1.2864029625461926,-0.12162070250803146,0.4597734897088046,-0.3575604204799716,0.36345925443631444,-0.8252600697111341,0.48058433616536717,0.3931825528068126,0.43658997136781336,0.4411475815713338,-0.3754555065247902,-0.7723033052188162,0.10089974971381342,0.24684953229026543,0
-1.4957711197582777,-0.3294995012694789,-0.5446604239587869,0.3995172874691453,-0.036656343683956503,-0.5613917401222109,0.2771535768225118,-0.23930406915237304,1.0623958135509424,0.8983265466888866,1.6508514645964298,-0.41293647622623925,0.5997362267474425,0.7727150846345825,-1.1821151967219548,-0.7953982380253682,-2.3624683634103905,-0.13679462335168951,-0.4493095150260975,-0.8339056426503636,1
-1.192971094392606,0.30291185838749907,-1.0821285208315166,0.2826992916719693,1.771463317203354,-0.01823264396419984,1.0217694131737818,-0.7212526899802454,-1.5132303077065354,-0.5283967066733326,0.2753120738279674,1.7246411333765586,-1.2689234379389516,2.5021022358596374,1.3603093980825818,0.21829196045801355,-0.2679385207113213,0.7569362148578862,1.0724548625175003,-0.37599322235332594,0
0.4606379198679675,-0.8228631201215967,1.0247236682025465,0.5360472077020118,0.4190908055528997,0.1017186431547581,0.5804958823948736,0.13284774035396812,3.25464096453316,1.4670471597285968,-0.38943064098797875,0.7819924197596226,-0.7621537934238469,-0.12119447098344513,-0.48997377092372274,1.258457303173034,-0.1451814942639511,-1.5084041594733355,-0.2560230073250403,-0.3401060915487827,1
-0.17621914119585974,2.181353531629723,0.08144028873982871,-1.8382086402033588,0.288557148688692,-0.4745562037513417,0.053926247859623466,0.2257605024331987,1.029324973676138,-0.5556673370379377,-0.7471812946355391,-0.8845334167913635,-1.2583135225979007,0.19442713624184596,1.151456563604244,1.012778086985647,-1.0384490523142107,0.43179954563337847,-0.9661843051493071,-0.5662205684177617,0
-0.9679540002158846,0.9568465553535264,1.6933281499448496,-0.26049758016771807,0.7298895609193379,-3.058726812722492,-0.44875633105018087,-0.8922984257974763,-0.9968954145991749,-0.03788290233083109,-1.3256595518557854,0.11557259826066409,-0.08971295260888282,-1.626938098888042,0.27116690986699477,0.09838328742152828,1.0789439277608408,-0.8046668000172771,-0.9261605720457021,0.7706363844148334,1
-0.29793926003986376,0.0023828379175932337,-1.8968847355798863,1.3850848235448898,0.002525608856887377,-1.2643546333630058,0.13439048553704463,-0.14717438457151022,-0.3063172922350834,-2.0210078682659853,-0.46753513258346785,0.3621115676293011,0.3822424637559048,0.6805538559188415,0.9108722872824623,-2.4468835726085048,1.9909085211201196,0.8456761670996994,0.1893744671248171,0.018760048187032564,0
-0.3166601474374112,1.1638915298441692,1.210437107089185,2.0111545036938288,0.4633104317797562,0.19719810354329786,-1.3135068318020078,-2.847996481711354,-0.028449414274975486,-0.7389698697879029,0.1428421834750782,-0.7253531116430438,1.6214580525344118,0.1862600318499043,0.9773327027662145,-0.7511086852921778,1.1303705478372361,0.9742577949621888,0.030136781055232608,0.00761631147126075,1
1.337719588982385,-0.41509523630191175,-0.840824547079414,-1.5905887558609042,-0.3485669313279359,-0.47472134960576523,0.15756642464358628,2.0967698103489187,-0.8314596420881969,-0.4560808985177972,1.0087505527134892,-0.5117567553357801,0.010672369118410527,-1.0439709750876343,-0.8614662057779408,0.09729286911947681,0.48091627813707116,1.1752540523512096,0.9787683642073671,-0.032019661245974294,0
-0.11111024896154431,-0.19464074696688,-1.6651332143698323,-0.8719603768625015,0.4407587368089652,-0.2016110565642506,-0.1411160021219542,-0.8006522732228326,-1.0570604082845938,1.5739462263804098,-0.08049200825823617,-1.8706308624436614,0.31054419530196803,-1.8182078090947242,0.8401613296113979,-0.37513705308091316,-0.4800841974264294,0.34030592126598214,-0.7448866632441846,0.01688848435852962,1
0.09576187727527917,-0.2937815712061029,0.7209166922544207,-2.3560489401542406,-0.13897801468925983,-0.0913356495226322,-0.7116924094767169,-0.6097305940944507,0.7577915961874142,0.7528864119719362,0.2640277106174356,-1.088911049477801,0.4236724518248824,0.27865528190583316,1.9031865217424544,0.866841977510823,-1.2793143765966433,-0.34514250361975096,0.5350140542898123,0.23007334193212617,1
-0.5772646653794788,-0.5360030538131532,-0.47364356258432416,-0.505711719682959,1.0496665073207205,1.8698113833148677,1.1492338327857896,0.5403025254660191,-0.2765026592144217,-1.960637489749195,-2.3790806079914284,0.36317988934065837,-1.7774313030982478,-1.4279469570458012,0.8510534989503054,-1.3207935459363014,0.5015209488553586,-1.2433290665696883,-1.0358869282737904,0.4682001034571121,1
0.02777575228052015,0.6183449806838295,0.13760520419041494,0.8031315327076357,-0.7690188434637981,0.9395117511353915,1.3597252410727443,0.7578254786645388,0.23266684146518968,0.1373145750040205,-0.23142111478647803,-0.5112971240910948,-0.43195418512498823,-0.715468972287654,-1.9466974676106523,2.0532106421715963,1.2340575062521302,-0.2925177673192034,0.5468640297899191,0.6014042693163364,1
0.7275000114994826,-1.1131946720232588,1.4142978317335961,0.886310807792281,0.34826671587808816,-1.3026312172516858,-0.27424891660587813,0.5209330772259003,0.8257357739907123,-0.28367477823950893,-0.5395242080293632,-0.14168420938865584,-0.716721503264485,0.39106132787029446,0.6076074815229665,-0.33961395208464545,-0.9470802018344288,-0.7235067304539282,-0.3321886059547662,3.073406339617025,1
-1.9853201768966555,-0.8682730785340038,1.3602575562637589,-2.259843679441103,-0.8653982095387737,-1.617859811433968,0.2241094660315942,1.0405642950489598,-0.10105198458802332,-0.7878881623586991,-1.0395441430755918,0.8142484443495479,0.7166543066250938,-0.3592122714959719,1.507893456031225,-0.9056644543440714,-1.47110169869005,-1.110432182701937,-0.9868018943859688,-1.5038597558757103,1
0.27123555911182123,-1.9757714550207022,0.3418477739735741,-0.6057387553160792,-0.8403236605703369,-2.0210769763296224,0.4017151952919926,0.11134349856334062,-0.506914282398495,-0.03837023218374459,-0.28689602700818834,1.3277267946949238,0.5799490021239313,-0.9071896510177652,-0.8805093832972516,-0.886693507045303,0.6119739450123428,-1.5378455154927124,-2.4490432118288483,-1.0474431518319602,1
1.2106972051133555,-3.0689748223052713,1.9880387864815636,0.8814287228778319,-0.8291612817915051,-1.425519752865576,0.6901316857663506,-0.002881355902032495,0.7663315636631085,-0.6590762129692825,0.8278086999979288,-1.5185795673274263,-0.01846122244174403,1.4458961053483095,-0.5336818176932724,0.2565575796303519,0.5721537605922817,-2.6162627386195525,0.888754157391794,1.324886338872119,0
1.8929643874693802,-0.5064127098062752,-1.2638163784177274,0.2942863704791485,0.1361610185620734,-2.6861427421379944,-1.4599673539997868,1.711579746178012,-0.35351042702856705,0.6219384879547188,0.5254978906947391,0.10363721680443146,0.6203636746642391,0.9137880507123032,-0.40886409655025757,-1.4539497275857838,-0.8544869095372966,0.4934293130912878,1.470052152479455,-0.010072337779353775,0
-1.6347226666078285,1.1029515785167323,-0.08678198671939975,1.3238132869532517,-0.357179225897589,-0.5155444377528765,-1.3324937385000946,-0.42798680992961374,-0.5550377571586147,-0.7183245114085411,-1.550634488125657,-0.05289685863826189,0.9998333460553943,-0.7095071116476659,-1.91568587754343,-1.981939681923828,-1.223842697000554,1.497397504978209,0.10531527946080445,0.8945552515622455,1
-0.4325585777864927,-1.9341742777342112,-1.6936411525889807,0.20217992614600422,-0.25199963247708607,1.3866244467569293,1.0847849457301693,-0.5335872812037398,-0.3833722922656666,-1.1585131858248368,-0.20537278681850504,-0.4528947621517216,0.5624900985572137,-0.40031858072103643,-0.42884499958178307,-0.16457766180006694,1.144973279834898,0.9777882249615558,-1.4786526986221271,-1.5377335209093057,1
